created_date,updated_date,deleted,id,title,subtitle,mainImageUrl,content,clap,userId,public
1994-12-09 08:57:36.000000,2020-01-13 08:02:31,0,5a809794-15f8-46cc-bf19-83fbbebfc4c2,Like week major science approach.,Radio blue easy.,,,10,1,0
2016-11-21 17:34:17.000000,2020-01-13 08:02:31,0,a767b24f-7683-40f6-bc7c-c1c955a74ac0,Thousand financial soldier enter threat.,Himself upon talk yet church movie our.,,,78,1,0
1992-02-03 00:37:27.000000,2020-01-13 08:02:31,0,bad0976c-64ed-4fc9-8baa-2fda0d99ee29,Husband by subject so away turn.,Ask enough detail ten agree even big sort.,,,6,1,0
2005-09-09 22:01:37.000000,2020-01-13 08:02:31,0,8832564b-a25b-4c34-9942-75faa6809d48,Catch arrive process travel either factor.,Require choice perform Democrat traditional.,,,41,1,0
2018-09-29 04:47:58.000000,2020-01-13 08:02:31,0,d0f543cb-cff8-46a4-9e6a-8bf72e1b8646,Parent feeling product.,Pass enter scientist table financial.,,,90,1,0
2018-07-07 01:55:56.000000,2020-01-13 08:02:31,0,12bf01f3-af68-4b85-bf1a-d0dec1a92c66,Think government million right financial perhaps.,Production painting decade oil ok establish government all.,,,53,1,0
2016-08-07 10:54:21.000000,2020-01-13 08:02:31,0,4fe2ed47-24eb-4457-8263-46c879b9dc23,Heart million fall fund turn wish.,Security production smile ever doctor try power.,,,45,1,0
2005-12-25 03:27:19.000000,2020-01-13 08:02:31,0,ad07246b-d3ca-4188-9aea-3636417dfb64,Finally single fill box rather.,Describe wish answer play push open.,,,69,1,0
1992-01-15 09:52:02.000000,2020-01-13 08:02:31,0,5d98a4e0-4eab-401e-bb64-bffa7b18feb2,Degree cold production listen information station.,Create project artist just rich team door.,,,69,1,0
1995-07-26 19:56:58.000000,2020-01-13 08:02:31,0,9c5b77f7-69f2-4afa-b36c-79d9bc7bb353,Enjoy police meeting theory.,Blood hair age treat.,,,5,1,0
2016-07-09 22:09:35.000000,2020-01-13 08:02:31,0,9e398f5d-78c5-4105-b183-e7c8f1a100ff,Bill boy upon hand smile.,Available mother national reflect hair.,,,41,1,0
2001-11-03 21:41:51.000000,2020-01-13 08:02:31,0,26211de8-66a1-4593-97e5-012fa27b568e,Cell decision value.,Safe fight expect.,,,48,1,0
2010-02-17 12:52:31.000000,2020-01-13 08:02:31,0,79e10838-5d90-450b-b68b-4b44bc06a77e,Player crime TV executive organization stay safe.,Participant ever early resource office.,,,7,1,0
2002-11-27 11:20:13.000000,2020-01-13 08:02:31,0,b1e61f4e-bda5-434e-a886-1a8d26657c27,Perform next recently about.,Food field few majority.,,,41,1,0
1993-04-01 22:12:10.000000,2020-01-13 08:02:31,0,9e22084b-067a-4a39-83f6-4030b41c20dd,Hotel option ever despite least take.,Practice forget more some security.,,,61,1,0
1994-06-13 02:41:27.000000,2020-01-13 08:02:31,0,eb031e82-7de7-4b6c-b783-02572bfea9c6,Dinner moment lay Democrat.,Sing voice house fire.,,,100,1,0
1991-12-15 16:34:00.000000,2020-01-13 08:02:31,0,1c7f449f-5c91-4b83-a10e-f0dcb9d44ad4,Range gun offer region record garden.,Along leave memory three magazine political mother rock.,,,87,1,0
2000-12-06 07:07:34.000000,2020-01-13 08:02:31,0,09a50b58-10d7-4a5c-8f07-0b8a5dbc1284,Whom it dark write of coach.,Good major then community two catch.,,,41,1,0
2011-09-27 16:47:20.000000,2020-01-13 08:02:31,0,6733b1a5-750a-427e-8339-03ca0a0c4c94,Politics none chair your image.,West low treatment hour remember.,,,17,1,0
2019-07-22 18:07:54.000000,2020-01-13 08:02:31,0,3ba025f5-9fc8-4106-992b-03ef8abf177b,Institution report low purpose glass down coach.,In figure data nation reveal capital.,,,13,1,0
2012-09-17 23:28:12.000000,2020-01-13 08:02:31,0,dabbf0db-b09b-4dac-8810-e9a28a6d1639,Send line government recently it various.,Forward get this.,,,69,1,0
1999-11-25 22:54:21.000000,2020-01-13 08:02:31,0,3859c944-ccb2-46ee-b0cb-236579809461,Risk believe build reveal.,Future visit what option us space.,,,25,1,0
2016-09-02 14:10:18.000000,2020-01-13 08:02:31,0,43ba62e2-762d-4357-b9f1-b1a653ce7fee,Anything assume close rich news small.,Police organization themselves.,,,6,1,0
1991-09-23 14:46:16.000000,2020-01-13 08:02:31,0,99a89eca-9f1e-4543-8c01-60e9a6fdc55b,Become expect body.,Good crime result significant explain.,,,8,1,0
1992-08-13 02:01:07.000000,2020-01-13 08:02:31,0,aaac5bb5-889e-4e7e-b5e9-f8afc856ab77,Among center arm another sing.,Treat certainly business amount return catch agreement.,,,45,1,0
2005-09-29 17:06:44.000000,2020-01-13 08:02:31,0,06e60bb5-a4ea-4662-bb0b-c5efcf6df88b,Society sea board college poor strong address.,Our management bad century.,,,31,1,0
1996-03-17 07:23:49.000000,2020-01-13 08:02:31,0,ab478986-73a1-42c6-acb7-386716c001f4,Quality whose perhaps available score coach music.,Test kind drug beat listen rich.,,,79,1,0
2002-01-02 07:18:26.000000,2020-01-13 08:02:31,0,0ec5429b-412f-493e-9fb7-45343bd5a623,Dream crime point expect attorney similar ground.,Ready son two election offer.,,,9,1,0
1992-04-13 11:05:10.000000,2020-01-13 08:02:31,0,dc8ae03e-d34e-42b2-896d-a591be1f2f73,Follow people describe husband bit.,Wonder choose do effort significant training.,,,100,1,0
2002-04-07 13:41:00.000000,2020-01-13 08:02:31,0,72359f9d-c850-4447-aca8-f85f13fbcffb,Sell interest situation soon national.,Pay write example myself not.,,,18,1,0
1997-01-07 20:11:55.000000,2020-01-13 08:02:31,0,4574f48b-5a3a-48b8-b529-86208d44ad72,Accept reach range yet yet hundred.,Send line black claim.,,,100,1,0
2011-11-20 05:11:35.000000,2020-01-13 08:02:31,0,36c7268b-fe55-46b2-b970-7684405502af,Exist building challenge population agree suddenly.,Father investment only example beat today some.,,,98,1,0
2007-07-19 21:01:37.000000,2020-01-13 08:02:31,0,cd9a03f5-71e8-4810-9dd7-0202ebecdff8,Ball admit operation finally another.,Even down lose.,,,7,1,0
2006-11-23 18:52:39.000000,2020-01-13 08:02:31,0,6d369ff3-8903-4c4c-b1a2-390cb636149b,Put decade suffer.,Finish shoulder decide although.,,,70,1,0
2015-08-02 14:55:27.000000,2020-01-13 08:02:31,0,0d77c6ff-4546-4bcb-8c42-4335a4223947,Including cause left ability read enough.,Win short long citizen raise side.,,,71,1,0
1991-02-18 04:23:05.000000,2020-01-13 08:02:31,0,fc118986-4e1e-4382-8056-1bd6d51a0564,Smile full center expect without woman night Democrat.,Tv threat series media cost live force.,,,2,1,0
1996-10-16 17:24:23.000000,2020-01-13 08:02:31,0,11621971-2c72-4b20-a877-beb80758393c,Writer really line shake.,Treatment next situation.,,,87,1,0
1996-04-06 01:13:47.000000,2020-01-13 08:02:31,0,506f6af2-a5cb-48b0-a9f3-cea3672d5bf1,Church story ago imagine benefit.,Some ago rate sea avoid election.,,,85,1,0
2018-07-30 20:03:09.000000,2020-01-13 08:02:31,0,42de35af-976b-47b8-841a-ed718467f415,Ability body various others phone easy.,Production claim already remain.,,,34,1,0
2018-06-03 22:51:27.000000,2020-01-13 08:02:31,0,5b5f5596-17e0-4380-a4f3-a7971349e971,List owner practice their.,Weight common law subject.,,,18,1,0
2004-11-15 13:03:56.000000,2020-01-13 08:02:31,0,db738cd5-3158-4701-9c68-d5062c2632e0,Direction second professional every suffer property.,Become trip lay wish happy break state.,,,51,1,0
2007-01-19 18:24:59.000000,2020-01-13 08:02:31,0,78cd0f7a-063e-433b-b2f7-c4bcecf723be,Either white style cell military time.,Amount exactly individual technology today policy wall.,,,62,1,0
2009-03-24 21:41:04.000000,2020-01-13 08:02:31,0,185366f6-4987-4870-bbba-fe4bc0eb3420,Debate white control suddenly yet.,Make strong possible time air.,,,53,1,0
2011-11-16 12:13:12.000000,2020-01-13 08:02:31,0,ac3ae302-90f2-4ff1-b4e6-220753fdd8a6,Memory stand exactly sea.,Participant police note about tree how east would.,,,19,1,0
1991-07-08 11:06:59.000000,2020-01-13 08:02:31,0,60de3cab-5c04-456f-ad07-8178722f4aaa,Purpose head day relationship describe entire.,Why nothing can half too.,,,16,1,0
2014-06-30 11:53:26.000000,2020-01-13 08:02:31,0,cce88bdc-fbc4-4958-89ed-e7fc9c1ffef1,Staff rise term blue listen ago.,Tend medical Democrat and.,,,59,1,0
2003-11-22 20:41:51.000000,2020-01-13 08:02:31,0,cfef6c45-bec0-4390-af90-6b7ebc67cee7,One summer despite usually.,Brother risk road until move white.,,,53,1,0
1997-11-06 13:33:21.000000,2020-01-13 08:02:31,0,3c5adaeb-6ff7-4428-99b2-1b20cd756548,Peace strategy sport prevent white.,High decide exist give.,,,76,1,0
1996-11-09 08:35:36.000000,2020-01-13 08:02:31,0,7195c9d0-8dc3-413b-a82e-4f322353cccc,Behavior happen practice hard spring seek play.,Interest each buy there.,,,33,1,0
1993-03-16 20:33:52.000000,2020-01-13 08:02:31,0,75a38ba5-4c43-4c55-adc0-32433cf0d029,Experience upon never none.,Doctor buy name family.,,,96,1,0
1997-11-16 15:19:58.000000,2020-01-13 08:02:31,0,c91d68a2-0c54-461a-89e6-1d8aaef64319,Whom it want memory memory.,Find head say visit ready key develop.,,,46,1,0
2000-10-23 11:45:08.000000,2020-01-13 08:02:31,0,8ce861c4-6282-4b17-8062-fb72dc30e285,Table want so.,Yes end us though stock find.,,,42,1,0
2008-10-02 01:09:03.000000,2020-01-13 08:02:31,0,39583b59-16b3-4344-92e9-f8ca2513c1bf,Form mission campaign north mother something century.,Beyond more his factor.,,,49,1,0
2001-10-22 19:18:55.000000,2020-01-13 08:02:31,0,e20e612b-e32d-4b57-be04-533bacf58ec1,Herself how room.,Brother different major certainly seem pull reality American.,,,83,1,0
1997-12-09 02:35:51.000000,2020-01-13 08:02:31,0,fe14985e-cc82-4477-9400-37eaaf2a0098,Sell power section moment figure discover own.,Goal through anything try middle.,,,43,1,0
2018-06-09 19:46:07.000000,2020-01-13 08:02:31,0,344458fa-e1b8-4c22-b9d8-836f124bff4a,Front of whole similar the of activity.,World seven station ever TV reflect film.,,,74,1,0
1991-02-07 22:49:16.000000,2020-01-13 08:02:31,0,c00cf79a-961c-4fc5-8aa0-5c4b3b91a15b,Outside article personal resource visit writer reveal.,Medical service different.,,,98,1,0
2014-06-01 14:34:22.000000,2020-01-13 08:02:31,0,8f034a95-9fd5-46cd-ad63-0d39f505e2f1,Work movie form husband off.,Fact however government piece.,,,81,1,0
1990-10-24 18:55:19.000000,2020-01-13 08:02:31,0,2a0db316-ffd9-47e2-b26f-d400a00a0bf0,Back miss national toward travel.,Range vote him.,,,24,1,0
1998-03-28 08:29:58.000000,2020-01-13 08:02:31,0,aa5fb2e6-8e29-4832-b389-4c9cbfc6af91,Whose team teach woman sound class behavior be.,Thus occur measure military thank begin.,,,52,1,0
2015-11-27 05:04:50.000000,2020-01-13 08:02:31,0,c4b85796-8a9c-450a-ae5b-33f043b596ce,Ground become international stay really move western.,It see institution analysis five seem.,,,58,1,0
1994-03-18 18:21:29.000000,2020-01-13 08:02:31,0,2c4c8816-7fcd-47d0-a610-ecc6ff68c1ce,Learn difference everyone morning bill.,Scientist into their anyone moment.,,,37,1,0
2013-12-26 04:43:10.000000,2020-01-13 08:02:31,0,d2b4721d-d7ff-4904-ba78-e6b7e76fe0fc,Environmental treat message knowledge arm out perform yeah.,Throw wear lay quite itself you food.,,,35,1,0
2006-02-27 00:20:41.000000,2020-01-13 08:02:31,0,e53e47aa-13d3-447a-9634-71554e166268,Consider Mr dog word cold child lawyer apply.,Daughter name data possible top.,,,79,1,0
1999-02-01 23:52:46.000000,2020-01-13 08:02:31,0,cead8b09-3ca0-429c-9a62-3916d13604ce,Wear door positive.,Yard pass top many.,,,82,1,0
1994-04-16 03:00:17.000000,2020-01-13 08:02:31,0,1a3c1e80-8bb9-4940-a7f3-8e2a14a385ba,Seek detail crime same economy.,Design during morning state research ability meet.,,,79,1,0
2005-05-24 21:24:52.000000,2020-01-13 08:02:31,0,75357a53-d3c6-4044-85bc-1d17f9e46c8a,Time political century majority.,Nothing station chance director example consider him.,,,29,1,0
2012-09-02 06:54:33.000000,2020-01-13 08:02:31,0,0566e97b-a87c-42c2-ac24-b1190dca2112,Series series apply prevent garden.,Edge federal early Republican.,,,71,1,0
2014-04-10 03:47:26.000000,2020-01-13 08:02:31,0,f7cf5b70-95f6-45d0-8686-c34250ae0b07,Issue page song call cultural listen.,Those action customer certain.,,,53,1,0
2000-03-01 01:49:46.000000,2020-01-13 08:02:31,0,8e149930-fab8-446b-912f-f3651f08fa76,Soldier machine middle management.,White teach then.,,,46,1,0
2011-01-18 11:32:25.000000,2020-01-13 08:02:31,0,a7bfb602-b2b5-4513-8612-cc39423cb977,Not national yard believe drop floor.,Weight drug attorney produce standard close soldier.,,,74,1,0
1998-03-12 20:34:04.000000,2020-01-13 08:02:31,0,a2e8b598-e1d9-4b5a-b4d1-234713c7adab,Throw board example professor must.,Piece agency work sit.,,,61,1,0
1993-05-27 18:48:03.000000,2020-01-13 08:02:31,0,ef60b599-6c83-4db4-9518-198220b7da44,Other claim fill family.,Natural debate leg case ten.,,,36,1,0
2006-09-29 18:17:14.000000,2020-01-13 08:02:31,0,8253f857-b941-47c2-90eb-7678e623eb5a,Glass fast change my identify why.,Though director fall middle.,,,76,1,0
2000-08-03 05:26:43.000000,2020-01-13 08:02:31,0,db16793d-3646-42e5-a35b-79e9e00de6a7,Usually account claim easy word treat author.,Five reduce painting environment interesting carry.,,,69,1,0
2013-02-04 05:22:54.000000,2020-01-13 08:02:31,0,1cab9f79-928a-4606-8ad2-ef930de49326,Way become thing make great second fight.,Society almost yeah get.,,,29,1,0
2004-09-29 01:25:42.000000,2020-01-13 08:02:31,0,a88d2cb0-db9a-4dad-9654-75d58866018a,Administration hair TV race.,Long house each course there.,,,19,1,0
2007-06-16 10:22:44.000000,2020-01-13 08:02:31,0,ea331213-ede6-4350-9b48-050f3c7a55fa,Popular per chair difference mother term machine.,Suffer economic game.,,,87,1,0
2012-03-22 04:53:23.000000,2020-01-13 08:02:31,0,b3333bed-be89-4564-a13f-fa937e88715c,Prepare organization conference left far.,Room western support since four yet.,,,14,1,0
2008-04-07 09:58:37.000000,2020-01-13 08:02:31,0,2831c374-9815-4259-9f19-2715a1f4414f,Some carry Mrs each expect mention.,Him democratic image have check actually.,,,76,1,0
2005-07-16 10:23:28.000000,2020-01-13 08:02:31,0,330efa09-48ff-459c-85f5-a5286d14c70d,Receive mother include everybody report peace couple.,Sell PM necessary trade certainly hot order movement.,,,72,1,0
2006-01-19 16:29:21.000000,2020-01-13 08:02:31,0,8c456a3a-12e4-46bd-b809-a7522a18dc34,Trip you point production matter will available.,Garden during they there food.,,,56,1,0
2015-03-19 20:01:20.000000,2020-01-13 08:02:31,0,01633899-0ecc-44bd-8538-e4c85bbb389f,Animal attention business.,Give line board finish.,,,25,1,0
2008-05-26 04:56:33.000000,2020-01-13 08:02:31,0,46cbaa7d-2472-4fd1-bf8a-f6d3caa0ae72,Draw leave still project peace social then about.,Box prove hundred camera author.,,,12,1,0
2015-05-25 20:57:40.000000,2020-01-13 08:02:31,0,3f5d9b84-9275-48bc-9e16-da861d5ccd7c,The piece drop.,Keep nature out before require body miss.,,,84,1,0
2000-10-18 03:26:41.000000,2020-01-13 08:02:31,0,98c42b9b-b8f2-4145-8b0f-5c8a22d9957a,Industry past ability try or choice someone any.,Suggest laugh century learn.,,,62,1,0
2009-02-19 08:58:51.000000,2020-01-13 08:02:31,0,4268edc7-0d28-4612-892f-c972438144fb,Respond final all race.,Second different camera serious.,,,54,1,0
2007-11-14 18:47:36.000000,2020-01-13 08:02:31,0,90a12b83-a759-4e64-b2b0-25e20c36a011,Soon remain professional.,Move from help but hit statement wide administration.,,,96,1,0
2019-10-27 02:41:14.000000,2020-01-13 08:02:31,0,cc1df679-69f9-4d53-b774-42675912b2e0,Trade TV decision know provide year.,Floor chance billion ahead style fund.,,,40,1,0
2015-09-05 20:56:51.000000,2020-01-13 08:02:31,0,6893ee2e-4ee1-4113-94ec-bd08e91842d8,Community land far firm create personal time.,Baby get treatment ability.,,,69,1,0
1998-04-04 03:52:08.000000,2020-01-13 08:02:31,0,2d0ff721-f929-4a11-b590-5966c3c42754,National food manager true.,Though imagine give significant wonder without.,,,14,1,0
1998-05-17 06:14:03.000000,2020-01-13 08:02:31,0,7dbb1145-c030-46ad-ba15-2a04a8a0cd88,Color last probably fund than discussion.,Ten level far tend behavior.,,,59,1,0
1990-02-08 07:51:13.000000,2020-01-13 08:02:31,0,c9afb2d1-5515-4bed-83ac-e9d467102692,Training drop imagine.,Lawyer box structure I inside win find.,,,62,1,0
2003-01-24 01:09:06.000000,2020-01-13 08:02:31,0,33dc9756-da96-40c8-a7ad-f30b445ceb64,Pm fish soldier national century say.,He job citizen machine adult seven company.,,,77,1,0
2018-01-14 14:30:40.000000,2020-01-13 08:02:31,0,b8094b79-70b2-4b38-a477-a91e1b6e7f37,Under bill back large.,Themselves data your door deal collection affect movement.,,,61,1,0
1992-03-21 04:10:44.000000,2020-01-13 08:02:31,0,c4f8e92d-5e35-4ad0-ad5f-a849bdac1cb5,Teacher property building office.,He good financial decade.,,,23,1,0
2013-04-24 08:27:40.000000,2020-01-13 08:02:31,0,535fdec8-97f8-46f9-86b4-26b3fa9566cd,Alone create show simple.,Rich cause lose great near almost.,,,63,1,0
2014-08-22 13:49:09.000000,2020-01-13 08:02:31,0,a7b9fbcc-4982-4260-8ac0-18a5bb3c2100,Court special wide approach thought head moment.,Increase collection whose opportunity money in former.,,,15,1,0
1992-05-28 13:42:41.000000,2020-01-13 08:02:31,0,6b732e4f-c695-485c-9ab2-fd90055886dd,Those since set team unit six science grow.,Financial network decade back democratic safe.,,,62,1,0
2001-09-12 15:52:46.000000,2020-01-13 08:02:31,0,d07fa04c-7cfc-4cd2-8c9a-5cf4d34e384d,Contain physical enjoy shoulder suggest.,Understand more director outside civil movement minute.,,,65,1,0
2011-09-09 00:35:26.000000,2020-01-13 08:02:31,0,ebcb0b90-4fa4-46cb-bd6e-b8c2ccb28144,Green great then job provide source.,About religious my check out.,,,18,2,0
1994-05-04 01:07:48.000000,2020-01-13 08:02:31,0,e9020cc9-a9ad-43ac-abca-1fae7b48a76e,Spend describe trade lay defense seek.,Partner mention test.,,,96,2,0
1998-08-27 00:53:37.000000,2020-01-13 08:02:31,0,8878238b-2359-4f63-b663-62c8876717cc,Become too since else study.,Run friend threat all end director question.,,,20,2,0
2011-03-05 10:29:05.000000,2020-01-13 08:02:31,0,2ff37d0d-004c-4d0b-9858-8ac2c8f648b7,Work tough though goal.,Forward series state threat.,,,87,2,0
1998-08-07 00:46:31.000000,2020-01-13 08:02:31,0,754986da-acbc-4b9e-aa0b-cef983514271,Start whose guess receive feeling create near agent.,Trip serious grow left.,,,40,2,0
2002-02-17 18:51:47.000000,2020-01-13 08:02:31,0,39331498-2c3c-44c6-836a-aa82186cf64f,Democratic camera less girl security rise follow.,Training prove floor why.,,,66,2,0
1990-03-25 23:00:34.000000,2020-01-13 08:02:31,0,022f8f93-5222-4d21-8f2d-e7632c760cc4,Soon war several good race act.,Price now table subject push energy.,,,29,2,0
2004-09-20 18:37:15.000000,2020-01-13 08:02:31,0,7bb4d8ec-105f-41f6-81ef-cff2f367f948,Forward tonight she our region area pretty.,Between natural pick compare.,,,60,2,0
2009-09-12 10:45:30.000000,2020-01-13 08:02:31,0,f68bbca7-9730-4d31-ae09-284916a829ee,Again thank reflect.,Exist data close pass challenge step.,,,30,2,0
2007-04-24 23:54:21.000000,2020-01-13 08:02:31,0,6258e8b8-b96c-4626-aed3-191e9c613dad,Too sometimes understand difference player build leave.,Human heart mission over on.,,,15,2,0
2015-02-22 19:51:00.000000,2020-01-13 08:02:31,0,98582a49-edd9-4a36-b03d-3a49a9ca7c65,Including blue light rich.,Production interview single begin.,,,90,2,0
2004-05-16 22:27:29.000000,2020-01-13 08:02:31,0,a9347bd9-73d6-4bc2-9015-3531f9f13990,Those send voice though.,Peace hotel set wind.,,,44,2,0
2004-12-04 16:10:39.000000,2020-01-13 08:02:31,0,d6d1bd32-b2c6-4e89-9278-f7e5bb82ee9d,Source represent call above north forget manage.,Home son side conference remain doctor finally.,,,34,2,0
2008-05-26 12:28:25.000000,2020-01-13 08:02:31,0,58bb72fb-a40e-4450-bf5b-8572a8ccd4ed,Member argue a charge.,Exactly ever point than kitchen.,,,42,2,0
2004-11-04 08:15:43.000000,2020-01-13 08:02:31,0,e657486b-96dc-42c0-aa47-6ff04b234e9e,Yes tough today now evidence.,Environmental budget describe last water could hit.,,,59,2,0
2006-12-26 13:44:18.000000,2020-01-13 08:02:31,0,9264c30d-cdc8-4164-8601-5302218125df,Up actually Democrat number room still throw.,Right fish special certainly occur.,,,60,2,0
2018-01-31 01:30:10.000000,2020-01-13 08:02:31,0,b21058f7-6f99-4128-b3f7-45ae1b631472,Eye son relationship society born bill authority step.,Call behavior better to success pressure.,,,16,2,0
1996-04-24 01:33:20.000000,2020-01-13 08:02:31,0,1aae37a1-717a-4eba-92bb-4f63a61a48ed,Reach clearly once hotel with.,Wrong itself wrong artist.,,,73,2,0
2005-11-17 10:13:25.000000,2020-01-13 08:02:31,0,ed8a2edb-44a7-473b-9caa-e308b8e22850,Different media notice instead anyone serve argue.,Trouble teach whom strategy during particularly.,,,50,2,0
1991-12-05 14:39:06.000000,2020-01-13 08:02:31,0,c5317ee5-c19b-433e-b38f-a3bb649c335c,Response gun manage piece student.,Positive media able between color.,,,70,2,0
1994-10-15 22:49:32.000000,2020-01-13 08:02:31,0,49b0ba31-e092-4e0b-8163-2e89e0f18260,Nearly have toward international include study spring.,Information outside question thousand realize.,,,35,2,0
2001-04-11 15:55:13.000000,2020-01-13 08:02:31,0,53d3a980-2c4b-4a35-9620-25d6b5c79bb9,Relate almost election gas total heart.,Trip sure ball him conference century.,,,33,2,0
1992-11-01 21:38:56.000000,2020-01-13 08:02:31,0,1f01bc80-b0b5-4c87-9b38-f3d531557076,Much while seem free site.,Feel fight media especially.,,,26,2,0
2012-05-02 19:07:52.000000,2020-01-13 08:02:31,0,14ce2e39-a887-4743-9da6-2f258a4ccedb,Education threat former likely tough.,Others power follow treatment.,,,52,2,0
1997-05-15 03:34:45.000000,2020-01-13 08:02:31,0,f1f2e816-c6fa-4170-8753-01c5554a04c5,Opportunity edge often add benefit.,Single any by to bar brother.,,,56,2,0
1991-07-24 16:48:23.000000,2020-01-13 08:02:31,0,c3441f55-eb64-402a-9025-06ddedf072a7,Word son quickly lot environment high drop.,Although change often fly.,,,65,2,0
2003-12-09 14:02:26.000000,2020-01-13 08:02:31,0,c2f895a7-3cb8-4fac-92e7-03d5aea95227,Pretty member interest difference.,Option nothing air lose agency stock adult money.,,,80,2,0
2013-01-12 15:49:11.000000,2020-01-13 08:02:31,0,52c9d5da-5bd0-4b1c-953c-74e433bac4b5,Pm late campaign.,Couple be speak west prove major character give.,,,73,2,0
2006-03-19 00:25:00.000000,2020-01-13 08:02:31,0,6597c8e7-6a39-4f88-a796-6e4599d38ff5,Man pass north surface visit whom.,Data much third my.,,,78,2,0
1994-06-20 23:22:38.000000,2020-01-13 08:02:31,0,f7650c66-cc7e-443a-a1dd-b8a405b94363,Argue face effect student sing class attack.,Address three professor lead.,,,17,2,0
1991-02-20 08:44:11.000000,2020-01-13 08:02:31,0,6870e73c-30df-48ed-b14a-2d0472fe30b8,Spring time laugh senior before health.,Our bank office site.,,,81,2,0
2018-03-02 22:26:19.000000,2020-01-13 08:02:31,0,db4bc3e6-62cc-4580-90b1-b281d50cfe55,Face off drop east.,Before writer different or receive if day.,,,27,2,0
2001-03-22 09:30:47.000000,2020-01-13 08:02:31,0,4703be99-a6f4-4157-89a9-5aa50a738ca9,Key beat economy friend pattern nice.,Watch similar director task rise.,,,53,2,0
2009-08-19 10:18:53.000000,2020-01-13 08:02:31,0,c186b654-3098-4fe9-b049-a40a02cebaa6,Letter number clearly meet.,See type outside draw wish.,,,36,2,0
2001-07-25 06:15:59.000000,2020-01-13 08:02:31,0,67218ace-cf07-45b5-91ff-9d34fa096f1e,Main all police guess teach stuff.,Picture deal third above could talk.,,,53,2,0
2010-07-10 15:05:01.000000,2020-01-13 08:02:31,0,9d0d692a-53d2-471a-9ac0-4321d4799f3b,Work nice could fly check politics fast.,Skin consumer very citizen class best.,,,27,2,0
2011-11-28 20:44:15.000000,2020-01-13 08:02:31,0,d16bf50a-64b2-4c43-90d7-ea88488d53e8,Own official majority job his bit drug.,Wait project foreign century each many.,,,31,2,0
2011-04-07 06:21:25.000000,2020-01-13 08:02:31,0,d6cc6ff7-33ad-4bc7-84fc-9b62c709e222,Grow part give.,Second recent stage word lead.,,,97,2,0
2006-06-06 07:48:38.000000,2020-01-13 08:02:31,0,88432ce7-a8c4-457c-a702-1bc975362bc7,Seven service career body last sense election great.,Structure fall finish result.,,,23,2,0
2018-01-02 15:16:48.000000,2020-01-13 08:02:31,0,a10d350b-33e7-4f49-972e-e7b4e5ad0216,Final unit wall.,Already term call student create.,,,47,2,0
1997-03-17 19:54:03.000000,2020-01-13 08:02:31,0,f998f5ef-28e8-4d56-a614-14665e58cfdc,Yet not goal.,Space when specific crime whom name newspaper.,,,94,2,0
2002-09-15 15:02:17.000000,2020-01-13 08:02:31,0,a2420980-f9ac-4b00-9022-981d2a6727d7,Computer everybody mother official back middle never.,Travel month exactly station whatever sense.,,,47,2,0
1990-02-10 12:26:17.000000,2020-01-13 08:02:31,0,5fade805-7980-497f-9194-73f2b3e91f61,Report nearly short.,Add factor compare nature about its.,,,15,2,0
1995-05-14 00:54:31.000000,2020-01-13 08:02:31,0,3339ed60-623b-4691-b98a-11dd4e8c4a41,Section news weight weight training watch.,Easy and management task some.,,,28,2,0
1995-12-18 13:58:49.000000,2020-01-13 08:02:31,0,00102373-27d8-4aae-9b4a-ec849853e917,Either available each reality television.,Ahead situation serve boy happen protect new eat.,,,29,2,0
2011-12-15 14:01:22.000000,2020-01-13 08:02:31,0,79bec53e-4fa7-4ae9-a670-2b649311c2a5,Product even near far baby move politics.,Adult worry up cup.,,,30,2,0
2001-01-07 04:42:10.000000,2020-01-13 08:02:31,0,ebc59f7f-dbb7-4ee0-b09c-2b2e3af7fef9,Participant go heart thank.,Can concern road hundred.,,,92,2,0
2010-02-19 14:41:15.000000,2020-01-13 08:02:31,0,0522a09b-ac28-4c7a-8e4c-606d5ff16ae1,Back world every deep traditional eye business.,Exist trial guess.,,,58,2,0
2016-01-17 09:45:50.000000,2020-01-13 08:02:31,0,d26d9fd8-d040-4760-889c-aedf44ff3ce2,Speech education itself others.,Source event article whose that itself.,,,77,2,0
2010-12-25 21:45:11.000000,2020-01-13 08:02:31,0,d7e94d3b-8db8-438d-8faf-8c22682584e6,Behind save even lawyer draw happy whole.,Family table century news child thing up.,,,45,2,0
2019-01-28 08:54:11.000000,2020-01-13 08:02:31,0,0fb124ae-08d9-4739-9397-f9ab7853b1e1,More you town fund.,Head tonight fish situation.,,,6,2,0
2018-02-04 14:16:48.000000,2020-01-13 08:02:31,0,1d0b43fb-2449-4702-923a-35b3ed753cae,Statement Democrat toward former.,Various simple relationship staff cultural growth where tax.,,,70,2,0
2001-05-15 01:53:08.000000,2020-01-13 08:02:31,0,71063179-6fe3-4b48-9e94-1348de0553a4,Environmental energy though candidate career.,Share person rather sort note effort one.,,,82,2,0
1999-09-20 04:20:40.000000,2020-01-13 08:02:31,0,1a2b9169-cce4-4f14-81ac-dd812c3f9418,Company recently hot civil ever level.,Else enjoy perhaps money white.,,,77,2,0
2013-02-01 20:59:44.000000,2020-01-13 08:02:31,0,ebf52cc4-028d-4dbe-ad81-6ee1b6ee4022,Human total college central let.,Blue really although deal.,,,96,2,0
2005-04-12 02:23:17.000000,2020-01-13 08:02:31,0,3bab0fc1-7444-4178-8d47-b306a82a2afb,Get choose free stage case watch stop.,Whether happen purpose prepare strategy agree.,,,76,2,0
2000-01-21 14:34:46.000000,2020-01-13 08:02:31,0,4f0aef5f-9a21-48ea-b1dd-555f148985a1,Usually majority seek subject free power.,Couple end capital your ever project full.,,,92,2,0
1994-05-21 12:56:58.000000,2020-01-13 08:02:31,0,836e3805-99ef-4f97-a737-28fc8cd32d70,Actually draw unit threat look political sign.,Analysis word loss group.,,,95,2,0
1998-06-09 09:12:27.000000,2020-01-13 08:02:31,0,b2f36856-dd50-4df8-bbe2-0240bf12b4fa,South sense late.,More speak guess pay how media page.,,,10,2,0
1999-01-18 16:43:13.000000,2020-01-13 08:02:31,0,bd8ada1d-580f-4c36-83f8-833d113d0d83,Page skill produce as why material.,Star purpose listen class fight our form.,,,2,2,0
1992-10-19 07:53:50.000000,2020-01-13 08:02:31,0,ec4968d5-5815-4b95-9258-beadda779e20,Policy trial person.,Land end speech table at.,,,32,2,0
2019-01-20 02:53:33.000000,2020-01-13 08:02:31,0,1840c159-07cb-4b6c-ad2e-d54d3d801344,If long likely happen TV.,Practice member matter professional.,,,100,2,0
2019-04-27 23:58:06.000000,2020-01-13 08:02:31,0,c013a0b8-4707-4de7-89fd-31a0ab757125,Summer high book to.,Recently new including degree whom might financial.,,,33,2,0
2019-11-06 07:58:35.000000,2020-01-13 08:02:31,0,2be33f70-e78e-43cf-85da-dece1ea2d805,Page compare role million design.,Career response design amount.,,,27,2,0
1998-09-08 22:27:58.000000,2020-01-13 08:02:31,0,35eb483a-97cb-4911-beef-893eacdb38c2,Officer apply local risk better.,Role entire day recent president.,,,53,2,0
2007-02-01 00:23:42.000000,2020-01-13 08:02:31,0,9cd930fb-2369-45d9-ba2b-0b8c219b3cc6,Behavior former while health soldier challenge city.,Shoulder individual instead road.,,,50,2,0
2019-12-30 10:16:28.000000,2020-01-13 08:02:31,0,6ff0fb06-1602-4e75-91cf-bbef1b3daf41,Smile over experience field discover area.,Assume doctor fly.,,,58,2,0
2009-07-24 04:17:27.000000,2020-01-13 08:02:31,0,f7e25f75-c73d-42e3-a8ec-392b67a405ea,Citizen party stand choose car true better low.,Brother PM issue important strategy wide.,,,59,2,0
1999-01-17 09:36:57.000000,2020-01-13 08:02:31,0,ca95b59a-73f4-4de7-a9f9-0cda1c984ede,Drive hear reveal.,My such stand family test weight.,,,81,2,0
2007-03-23 20:12:13.000000,2020-01-13 08:02:31,0,0c9be2fd-c639-4360-8306-1b7141704f86,Thank agency a officer help direction others.,Miss range purpose administration activity issue.,,,9,2,0
2013-02-10 05:09:43.000000,2020-01-13 08:02:31,0,a0cf9dd5-0d81-42ac-8ff3-df6aa4d7c982,Type pick fire own.,Industry so life vote.,,,27,2,0
2001-08-28 00:03:11.000000,2020-01-13 08:02:31,0,d07d9ff6-e5a2-4005-9081-31431451113b,Great or more drug.,End significant agree form.,,,8,2,0
2009-01-09 03:17:02.000000,2020-01-13 08:02:31,0,7937f3b2-dd57-4e9b-8f3c-53b727f12a41,Space opportunity by.,Later near win reveal nature author on.,,,45,2,0
1999-03-27 04:06:36.000000,2020-01-13 08:02:31,0,cf7b3ffb-e138-43b8-80a9-8b46fb9ac555,Style soldier deal parent rock air.,Discover indicate since figure.,,,43,2,0
1995-04-26 21:40:04.000000,2020-01-13 08:02:31,0,aa2a6db6-d5b7-4174-b331-378511d5d6d2,Natural their tend same husband may six per.,Return despite only news loss.,,,86,2,0
2009-08-07 08:18:28.000000,2020-01-13 08:02:31,0,7ba2558d-6174-4b3c-8bbc-fadc135e9719,Owner front every Congress current just.,Everybody low already evidence produce choice.,,,3,2,0
1999-08-11 07:20:54.000000,2020-01-13 08:02:31,0,542e3ba3-ba2e-45fe-b94c-6ab2e34ec31b,Cup local put.,Realize per foot appear.,,,0,2,0
2013-01-30 14:29:30.000000,2020-01-13 08:02:31,0,957242ec-80e5-4afa-a9e6-819f9a9c8f6a,Beat tell administration forward nation.,Say toward offer herself.,,,61,2,0
1992-02-06 06:53:52.000000,2020-01-13 08:02:31,0,e1c62ba3-0e27-4848-b20d-70cc743f3036,Through federal war station seat should imagine.,American wear near customer leg.,,,46,2,0
2014-01-16 19:45:18.000000,2020-01-13 08:02:31,0,73102faa-39d4-41b2-acb5-de3c5aa75ef3,Between reveal program wear oil exactly.,She good expect up should pressure attorney policy.,,,84,2,0
1990-06-23 12:59:15.000000,2020-01-13 08:02:31,0,011a94aa-9163-4408-a0ea-b163c4d457b3,Carry girl brother add camera this.,Evening stand our news individual head.,,,96,2,0
1991-10-15 05:00:24.000000,2020-01-13 08:02:31,0,72e7991b-af20-4718-a00e-63f7624fddd6,Cup economic concern national.,Church baby answer dark common business.,,,50,2,0
2017-01-01 21:32:55.000000,2020-01-13 08:02:31,0,1e5c0008-c28e-4e17-b808-0828d930549b,Clear fly lose baby however treatment family.,Audience sign open no whose audience.,,,0,2,0
1998-01-18 11:11:54.000000,2020-01-13 08:02:31,0,860db687-9e5f-4b3f-b542-ecdff96472a9,Government democratic world other future usually.,Bit source lot toward.,,,85,2,0
1997-06-16 12:27:16.000000,2020-01-13 08:02:31,0,4ff2ddbe-9d60-433c-a1e5-ae8ca60ed056,Community success movement since rich wind likely.,His agreement create choose though any.,,,95,2,0
2011-08-13 23:44:29.000000,2020-01-13 08:02:31,0,99ba89e0-e99d-428c-9abb-29cd14d02d54,Different film level method girl sort.,Risk teacher pay lead young interview.,,,50,2,0
1994-11-19 11:23:12.000000,2020-01-13 08:02:31,0,552b1dea-abbe-49c7-ae51-c87d6a3bd244,Campaign factor where if I buy.,Just seven building bag person evening letter.,,,13,2,0
1995-04-24 07:33:00.000000,2020-01-13 08:02:31,0,00057bd1-ec37-40de-b448-129f81663a12,Protect record organization car produce a north.,Data head training adult.,,,16,2,0
1999-06-18 21:37:28.000000,2020-01-13 08:02:31,0,c523af69-d76d-42cd-9470-fcd9f3d63516,Usually free player well always sometimes past.,Western consider without event strategy.,,,70,2,0
2012-08-23 07:02:06.000000,2020-01-13 08:02:31,0,0990457b-81d7-4c54-a545-1e594fc69ed9,Leg like west sure.,Before wonder truth company.,,,23,2,0
2017-08-08 11:08:13.000000,2020-01-13 08:02:31,0,fd87186e-ad40-46f2-be56-661b1c7870a9,Teacher scene wall perform some.,Or look such hard.,,,34,2,0
1997-07-22 06:13:24.000000,2020-01-13 08:02:31,0,c1d52b4e-76a1-4191-a560-1526b23a993c,Money vote gun or start more social.,Kitchen cause civil TV able give.,,,57,2,0
1994-03-26 19:13:32.000000,2020-01-13 08:02:31,0,a4ad3cc3-d3c2-4d83-a0bd-c963e0f6016b,Nature line behind two place structure soon land.,Sell cold also reach garden.,,,68,2,0
2009-04-22 02:44:49.000000,2020-01-13 08:02:31,0,b3ee1be9-bd41-4e03-bc2b-1d3a20c6b7b2,Anyone pressure example cost.,East reduce sister third.,,,85,2,0
2010-08-02 20:50:03.000000,2020-01-13 08:02:31,0,04858636-ef3e-492c-9952-bf58576aea41,Which thing once after fire red page.,Him somebody field least marriage campaign student crime.,,,9,2,0
1998-09-04 20:52:33.000000,2020-01-13 08:02:31,0,68ff2de1-a538-44da-99de-1b7217cbd031,Head treat inside piece as life summer.,Hold I major music goal good.,,,50,2,0
1998-07-04 08:56:56.000000,2020-01-13 08:02:31,0,74f1ee3a-4f85-4254-bed7-4971ee0daa53,Per red fast team response.,Draw clearly business never democratic feeling next wrong.,,,9,2,0
2006-11-28 04:36:02.000000,2020-01-13 08:02:31,0,15488455-b9b1-48e8-8358-81ce506f5e8d,Next job traditional campaign say.,Subject serve relate south.,,,64,2,0
2012-06-05 04:49:52.000000,2020-01-13 08:02:31,0,5dc92caa-5384-40b7-89c9-345365c09eaa,Involve store itself should improve.,When local take already dog student.,,,77,2,0
2003-06-09 20:47:51.000000,2020-01-13 08:02:31,0,df80eb40-1d92-4e11-b272-db296fe0262a,Show prove nothing firm require south.,Bit arm in entire drug great too.,,,75,2,0
2008-03-12 19:37:08.000000,2020-01-13 08:02:31,0,eff632d3-4abd-40fa-aae8-71f10ac404ce,Couple group sound list.,Just yeah second treat chance.,,,22,3,0
2015-12-22 05:19:14.000000,2020-01-13 08:02:31,0,51b21e06-bc85-41d4-805a-fdd76ff777e9,Break Republican exist through present.,Reflect occur media sport she sense.,,,51,3,0
1994-06-09 01:51:25.000000,2020-01-13 08:02:31,0,3486f06e-6dbd-418b-b054-b3115725cce8,Daughter rock over create baby.,She that grow property still.,,,2,3,0
